{
    "accuracy": 0.9418710263396912,
    "precision": 0.859375,
    "recall": 0.7051282051282052,
    "auc": 0.9183489350156018
}
